<?xml version="1.0" encoding="UTF-8"?>
<!DOCTYPE fontscolors PUBLIC "-//NetBeans//DTD Editor Fonts and Colors settings 1.1//EN" "http://www.netbeans.org/dtds/EditorFontsColors-1_1.dtd">
<fontscolors>
    <fontcolor foreColor="yellow" name="char"/>
    <fontcolor foreColor="orange" name="markup-element"/>
    <fontcolor foreColor="white" name="private"/>
    <fontcolor name="protected"/>
    <fontcolor default="string" name="markup-attribute-value"/>
    <fontcolor foreColor="lightGray" name="unused"/>
    <fontcolor foreColor="white" name="constructor">
        <font style="bold"/>
    </fontcolor>
    <fontcolor foreColor="white" name="abstract">
        <font style="bold"/>
    </fontcolor>
    <fontcolor foreColor="lightGray" name="deprecated" strikeThrough="red"/>
    <fontcolor foreColor="white" name="static">
        <font style="bold"/>
    </fontcolor>
    <fontcolor bgColor="red" foreColor="white" name="error"/>
    <fontcolor foreColor="white" name="method-parameter"/>
    <fontcolor foreColor="cyan" name="keyword"/>
    <fontcolor name="whitespace"/>
    <fontcolor foreColor="white" name="class">
        <font style="bold"/>
    </fontcolor>
    <fontcolor foreColor="yellow" name="number"/>
    <fontcolor foreColor="white" name="enum"/>
    <fontcolor name="interface"/>
    <fontcolor name="url" underline="blue"/>
    <fontcolor foreColor="yellow" name="operator"/>
    <fontcolor foreColor="cyan" name="field">
        <font style="bold"/>
    </fontcolor>
    <fontcolor bgColor="black" foreColor="white" name="default">
        <font name="Monospaced" size="18" style="plain"/>
    </fontcolor>
    <fontcolor foreColor="yellow" name="string"/>
    <fontcolor foreColor="cyan" name="entity-reference"/>
    <fontcolor foreColor="white" name="method">
        <font style="bold"/>
    </fontcolor>
    <fontcolor foreColor="green" name="comment"/>
    <fontcolor name="public"/>
    <fontcolor foreColor="white" name="local-variable"/>
    <fontcolor foreColor="white" name="identifier"/>
    <fontcolor foreColor="yellow" name="warning" waveUnderlined="gray"/>
    <fontcolor foreColor="white" name="separator"/>
    <fontcolor foreColor="cyan" name="markup-attribute"/>
</fontscolors>
