<?xml version="1.0" encoding="UTF-8"?>
<!DOCTYPE bindings PUBLIC "-//NetBeans//DTD Editor KeyBindings settings 1.1//EN" "http://www.netbeans.org/dtds/EditorKeyBindings-1_1.dtd">
<bindings>
    <bind key="O-O" remove="true"/>
    <bind key="S-F10" remove="true"/>
    <bind key="O-F1" remove="true"/>
    <bind key="SO-K" remove="true"/>
    <bind key="S-SPACE" remove="true"/>
    <bind key="D-J$D" remove="true"/>
    <bind key="O-U$G" remove="true"/>
    <bind key="D-B" remove="true"/>
    <bind key="SD-F" remove="true"/>
    <bind key="SO-I" remove="true"/>
    <bind key="SO-A" remove="true"/>
    <bind key="O-U$I" remove="true"/>
    <bind key="SO-L" remove="true"/>
    <bind key="SO-F" remove="true"/>
    <bind key="SO-S" remove="true"/>
    <bind key="D-R" remove="true"/>
    <bind key="O-U$S" remove="true"/>
</bindings>
