<?xml version="1.0" encoding="UTF-8"?>
<!DOCTYPE fontscolors PUBLIC "-//NetBeans//DTD Editor Fonts and Colors settings 1.1//EN" "http://www.netbeans.org/dtds/EditorFontsColors-1_1.dtd">
<fontscolors>
    <fontcolor foreColor="white" name="mod-method"/>
    <fontcolor bgColor="black" default="uncovered" foreColor="white" name="uncovered"/>
    <fontcolor default="comment" name="mod-annotation-type">
        <font style="bold"/>
    </fontcolor>
    <fontcolor name="mod-deprecated" strikeThrough="red"/>
    <fontcolor bgColor="blue" foreColor="white" name="mark-occurrences"/>
    <fontcolor default="field" foreColor="white" name="mod-field"/>
    <fontcolor foreColor="yellow" name="heredocdelimiter"/>
    <fontcolor foreColor="white" name="phpopenclose"/>
    <fontcolor bgColor="black" default="covered" foreColor="white" name="covered"/>
    <fontcolor bgColor="black" default="constant" foreColor="white" name="constant">
        <font style="bold"/>
    </fontcolor>
    <fontcolor default="keyword" foreColor="cyan" name="keyword"/>
    <fontcolor default="number" name="number"/>
    <fontcolor foreColor="white" name="mod-static"/>
    <fontcolor bgColor="black" default="partial" foreColor="white" name="partial"/>
    <fontcolor bgColor="black" default="inferred" foreColor="white" name="inferred"/>
    <fontcolor default="operator" foreColor="yellow" name="operator"/>
    <fontcolor foreColor="white" name="mod-class">
        <font style="bold"/>
    </fontcolor>
    <fontcolor foreColor="lightGray" name="mod-unused" waveUnderlined="ff999999"/>
    <fontcolor default="comment" name="commentline"/>
    <fontcolor default="comment" foreColor="ff9999ff" name="htmltag">
        <font style="bold"/>
    </fontcolor>
    <fontcolor default="string" foreColor="yellow" name="string"/>
    <fontcolor default="method" name="mod-custom1"/>
    <fontcolor default="comment" foreColor="green" name="comment"/>
    <fontcolor default="comment" foreColor="cyan" name="phpdockeyword"/>
    <fontcolor default="identifier" foreColor="white" name="identifier"/>
    <fontcolor foreColor="orange" name="variable"/>
    <fontcolor default="separator" foreColor="white" name="separator"/>
</fontscolors>
