<?xml version="1.0" encoding="UTF-8"?>
<!DOCTYPE fontscolors PUBLIC "-//NetBeans//DTD Editor Fonts and Colors settings 1.1//EN" "http://www.netbeans.org/dtds/EditorFontsColors-1_1.dtd">
<fontscolors>
    <fontcolor default="markup-attribute" foreColor="cyan" name="argument"/>
    <fontcolor default="default" foreColor="cyan" name="sgml-declaration"/>
    <fontcolor name="mod-method">
        <font style="bold"/>
    </fontcolor>
    <fontcolor default="error" foreColor="red" name="error" waveUnderlined="red"/>
    <fontcolor default="default" foreColor="white" name="css-embedded"/>
    <fontcolor default="comment" foreColor="green" name="sgml-comment"/>
    <fontcolor default="markup-element" foreColor="cyan" name="tag"/>
    <fontcolor default="whitespace" foreColor="yellow" name="ws"/>
    <fontcolor default="argument" foreColor="yellow" name="operator"/>
    <fontcolor default="entity-reference" foreColor="yellow" name="character"/>
    <fontcolor foreColor="red" name="mod-class" waveUnderlined="red"/>
    <fontcolor default="default" foreColor="white" name="javascript-embedded"/>
    <fontcolor default="markup-attribute-value" foreColor="yellow" name="value"/>
    <fontcolor default="comment" foreColor="green" name="block-comment"/>
</fontscolors>
