<?xml version="1.0" encoding="UTF-8"?>
<!DOCTYPE type PUBLIC "-//NetBeans//DTD annotation type 1.0//EN" "http://www.netbeans.org/dtds/annotation-type-1_0.dtd">
<type browseable="false" custom_sidebar_color="0xbde6aa" description_key="HINT_OTHER_THREAD_PC_BP" glyph="nbresloc:/org/netbeans/modules/debugger/resources/editor/other_threads_breakpoint_arrow.png" highlight="0x404040" inherit_foreground_color="true" localizing_bundle="org.netbeans.modules.debugger.resources.Bundle" name="OtherThread_PC_BP" priority="1000" severity="none" type="line" use_custom_sidebar_color="true" use_highlight_color="true" use_wave_underline_color="false" visible="true">
    <combination min_optionals="1" order="320" tiptext_key="">
        <combine absorb_all="false" annotationtype="Breakpoint" optional="true"/>
        <combine absorb_all="false" annotationtype="CondBreakpoint" optional="true"/>
        <combine absorb_all="false" annotationtype="debugger-multi_BPCBP" optional="true"/>
        <combine absorb_all="false" annotationtype="Breakpoint_broken" optional="true"/>
        <combine absorb_all="false" annotationtype="CondBreakpoint_broken" optional="true"/>
        <combine absorb_all="false" annotationtype="debugger-multi_BPCBP_broken" optional="true"/>
        <combine absorb_all="false" annotationtype="DisabledBreakpoint" optional="true"/>
        <combine absorb_all="false" annotationtype="DisabledCondBreakpoint" optional="true"/>
        <combine absorb_all="false" annotationtype="debugger-multi_DBPCBP" optional="true"/>
        <combine absorb_all="false" annotationtype="CurrentPC" optional="false"/>
        <combine absorb_all="false" annotationtype="OtherThread" optional="false"/>
    </combination>
</type>
