<?xml version="1.0" encoding="UTF-8"?>
<!DOCTYPE fontscolors PUBLIC "-//NetBeans//DTD Editor Fonts and Colors settings 1.1//EN" "http://www.netbeans.org/dtds/EditorFontsColors-1_1.dtd">
<fontscolors>
    <fontcolor bgColor="black" foreColor="yellow" name="default">
        <font name="Monospaced" size="24"/>
    </fontcolor>
    <fontcolor foreColor="cyan" name="keyword"/>
    <fontcolor default="string" foreColor="orange" name="markup-attribute-value"/>
    <fontcolor default="default" foreColor="white" name="entity-reference">
        <font style="bold"/>
    </fontcolor>
    <fontcolor foreColor="yellow" name="number"/>
    <fontcolor default="keyword" foreColor="cyan" name="markup-element"/>
</fontscolors>
