<?xml version="1.0" encoding="UTF-8"?>
<!DOCTYPE fontscolors PUBLIC "-//NetBeans//DTD Editor Fonts and Colors settings 1.1//EN" "http://www.netbeans.org/dtds/EditorFontsColors-1_1.dtd">
<fontscolors>
    <fontcolor foreColor="white" name="caret-color-insert-mode"/>
    <fontcolor bgColor="black" foreColor="gray" name="readonly-files"/>
    <fontcolor bgColor="cyan" foreColor="black" name="nbeditor-bracesMatching-match-multichar"/>
    <fontcolor bgColor="black" foreColor="cyan" name="line-number"/>
    <fontcolor foreColor="cyan" name="hyperlinks" underline="blue"/>
    <fontcolor bgColor="darkGray" foreColor="white" name="highlight-caret-row"/>
    <fontcolor foreColor="white" name="caret-color-overwrite-mode"/>
    <fontcolor bgColor="white" foreColor="black" name="selection"/>
    <fontcolor bgColor="gray" foreColor="white" name="inc-search"/>
    <fontcolor bgColor="gray" foreColor="white" name="highlight-search"/>
    <fontcolor bgColor="red" foreColor="black" name="nbeditor-bracesMatching-mismatch-multichar"/>
    <fontcolor bgColor="cyan" foreColor="black" name="nbeditor-bracesMatching-match"/>
    <fontcolor bgColor="red" foreColor="black" name="nbeditor-bracesMatching-mismatch"/>
</fontscolors>
