<?xml version="1.0" encoding="UTF-8"?>
<!DOCTYPE fontscolors PUBLIC "-//NetBeans//DTD Editor Fonts and Colors settings 1.1//EN" "http://www.netbeans.org/dtds/EditorFontsColors-1_1.dtd">
<fontscolors>
    <fontcolor name="mod-class">
        <font style="bold"/>
    </fontcolor>
    <fontcolor name="mod-constructor">
        <font style="bold"/>
    </fontcolor>
    <fontcolor foreColor="ff007c00" name="mod-method">
        <font style="bold"/>
    </fontcolor>
    <fontcolor foreColor="orange" name="mod-custom1"/>
    <fontcolor foreColor="orange" name="mod-custom2">
        <font style="italic"/>
    </fontcolor>
</fontscolors>
