<?xml version="1.0" encoding="UTF-8"?>
<!DOCTYPE fontscolors PUBLIC "-//NetBeans//DTD Editor Fonts and Colors settings 1.1//EN" "http://www.netbeans.org/dtds/EditorFontsColors-1_1.dtd">
<fontscolors>
    <fontcolor foreColor="white" name="T_INLINE_HTML"/>
    <fontcolor foreColor="white" name="mod-class">
        <font style="bold"/>
    </fontcolor>
    <fontcolor foreColor="gray" name="mod-unused" waveUnderlined="ff999999"/>
    <fontcolor foreColor="white" name="PHP_VARIABLE"/>
    <fontcolor bgColor="gray" foreColor="white" name="mark-occurrences"/>
    <fontcolor bgColor="black" default="constant" foreColor="yellow" name="constant">
        <font style="italic"/>
    </fontcolor>
    <fontcolor foreColor="white" name="mod-method">
        <font style="bold"/>
    </fontcolor>
    <fontcolor default="string" foreColor="yellow" name="string"/>
    <fontcolor default="keyword" foreColor="cyan" name="keyword"/>
    <fontcolor default="field" foreColor="white" name="mod-field"/>
    <fontcolor foreColor="yellow" name="heredocdelimiter"/>
    <fontcolor foreColor="white" name="mod-static">
        <font style="bold"/>
    </fontcolor>
    <fontcolor default="comment" foreColor="green" name="comment"/>
    <fontcolor default="identifier" foreColor="white" name="identifier"/>
    <fontcolor foreColor="white" name="phpopenclose">
        <font style="bold"/>
    </fontcolor>
    <fontcolor foreColor="white" name="PHP_CONTENT"/>
</fontscolors>
